[{"dist": "BAYVIEW", "loc": [-122.399261, 37.727609]},
{"dist": "CENTRAL", "loc": [-122.413616, 37.798527]},
{"dist": "INGLESIDE", "loc": [-122.433801, 37.719821]},
{"dist": "MISSION", "loc": [-122.434798, 37.755865]},
{"dist": "NORTHERN", "loc": [-122.436619, 37.794593]},
{"dist": "PARK", "loc": [-122.449623, 37.768588]},
{"dist": "RICHMOND", "loc": [-122.482907, 37.779673]},
{"dist": "SOUTHERN", "loc": [ -122.40984, 37.776142]},
{"dist": "TARAVAL", "loc": [-122.485358, 37.742629]},
{"dist": "TENDERLOIN", "loc": [-122.4145, 37.7847]}]