,Average Humidity,Cooling Degree Days,Date,Dew Point,Events,Growing Degree Days,Heating Degree Days,Max Gust Speed,Max Temperature,Max Wind Speed,Maximum Humidity,Mean Temperature,Min Temperature,Minimum Humidity,Month to date cooling degree days,Month to date heating degree days,Month to date precipitation,Month to date snowfall,Precipitation,Sea Level Pressure,Since 1 July heating degree days,Since 1 July snowfall,Since 1 June cooling degree days,Since 1 June heating degree days,Snow,Snow Depth,Visibility,Wind Speed,Year to date cooling degree days,Year to date precipitation
0,37,0,2015/01/01,-12,,,32,50,4,27,46,1,-3,27,0,32,0.00,0.0,0.00,1018,1568,1.2,,,0.00,0.00,16,11,0,0.00
1,43,0,2015/01/02,-8,,,26,40,6,24,52,4,2,33,0,58,0.00,0.0,0.00,1023,1594,1.2,,,0.00,0.00,16,11,0,0.00
2,68,0,2015/01/03,-2,"Rain
	,
Snow",,27,29,6,19,92,3,1,44,0,85,0.71,T,18.03,1030,1621,1.2,,,T,0.00,7,10,0,0.71
3,88,0,2015/01/04,6,Rain,,16,74,13,47,93,9,5,83,0,101,1.01,T,7.62,1012,1637,1.2,,,0.00,0.00,9,10,0,1.01
4,38,0,2015/01/05,-12,,,30,61,9,39,49,2,-6,26,0,131,1.01,T,0.00,1020,1667,1.2,,,0.00,0.00,16,17,0,1.01
5,57,0,2015/01/06,-13,Snow,,44,39,-6,23,77,-6,-7,36,0,175,1.06,0.5,1.27,1024,1711,1.7,,,1.27,0.00,9,7,0,1.06
6,49,0,2015/01/07,-17,,,49,63,-5,35,73,-9,-13,25,0,224,1.06,0.5,0.00,1017,1760,1.7,,,0.00,2.54,16,20,0,1.06
7,48,0,2015/01/08,-20,,,50,50,-6,29,55,-9,-13,41,0,274,1.06,0.5,0.00,1027,1810,1.7,,,0.00,T,16,14,0,1.06
8,57,0,2015/01/09,-12,Snow,,39,48,1,34,81,-3,-7,33,0,313,1.13,2.0,1.78,1018,1849,3.2,,,3.81,0.00,10,14,0,1.13
9,41,0,2015/01/10,-18,,,45,40,-5,29,47,-7,-9,34,0,358,1.13,2.0,0.00,1031,1894,3.2,,,0.00,2.54,16,13,0,1.13
10,38,0,2015/01/11,-14,,,37,39,3,23,47,-2,-8,29,0,395,1.13,2.0,0.00,1036,1931,3.2,,,0.00,2.54,16,10,0,1.13
11,64,0,2015/01/12,-1,Rain,,28,32,4,19,92,3,2,35,0,423,1.49,2.0,9.14,1024,1959,3.2,,,T,T,8,6,0,1.49
12,61,0,2015/01/13,-11,,,38,40,2,29,82,-3,-8,39,0,461,1.49,2.0,0.00,1033,1997,3.2,,,0.00,0.00,16,14,0,1.49
13,56,0,2015/01/14,-11,,,41,27,0,23,63,-4,-9,49,0,502,1.49,2.0,0.00,1029,2038,3.2,,,0.00,0.00,16,10,0,1.49
14,55,0,2015/01/15,-9,,,35,32,2,24,69,-1,-4,41,0,537,1.49,2.0,0.00,1018,2073,3.2,,,0.00,0.00,16,8,0,1.49
15,45,0,2015/01/16,-11,,,33,52,6,34,58,0,-7,31,0,570,1.49,2.0,0.00,1014,2106,3.2,,,0.00,0.00,15,16,0,1.49
16,41,0,2015/01/17,-15,,,40,37,0,23,53,-4,-8,29,0,610,1.49,2.0,0.00,1027,2146,3.2,,,0.00,0.00,16,10,0,1.49
17,77,0,2015/01/18,1,"Fog
	,
Rain",,28,32,6,16,92,3,-1,61,0,638,3.59,2.0,53.34,1012,2174,3.2,,,0.00,0.00,6,6,0,3.59
18,62,0,2015/01/19,-4,,,26,53,6,26,82,4,2,41,0,664,3.59,2.0,0.00,1009,2200,3.2,,,0.00,0.00,16,12,0,3.59
19,47,0,2015/01/20,-8,,,29,32,4,21,59,2,0,35,0,693,3.59,2.0,0.00,1013,2229,3.2,,,0.00,0.00,16,9,0,3.59
20,38,0,2015/01/21,-13,,,34,24,2,16,50,-1,-4,26,0,727,3.59,2.0,0.00,1020,2263,3.2,,,0.00,0.00,16,7,0,3.59
21,56,0,2015/01/22,-7,,,29,34,4,23,69,2,-1,43,0,756,3.59,2.0,0.00,1023,2292,3.2,,,0.00,0.00,11,9,0,3.59
22,50,0,2015/01/23,-8,,,31,31,4,23,59,1,-2,40,0,787,3.59,2.0,0.00,1023,2323,3.2,,,0.00,0.00,15,9,0,3.59
23,71,0,2015/01/24,-1,"Fog
	,
Rain
	,
Snow",,29,39,4,23,89,2,1,52,0,816,4.31,4.5,18.29,1001,2352,5.7,,,6.35,7.62,6,10,0,4.31
24,48,0,2015/01/25,-8,,,28,48,6,27,69,3,-1,27,0,844,4.31,4.5,0.00,1008,2380,5.7,,,0.00,5.08,16,10,0,4.31
25,61,0,2015/01/26,-9,"Fog
	,
Snow",,38,55,-1,37,88,-3,-6,34,0,882,4.79,10.0,12.19,1012,2418,11.2,,,13.97,5.08,5,21,0,4.79
26,66,0,2015/01/27,-9,"Fog
	,
Snow",,40,48,-1,27,84,-4,-7,47,0,922,5.15,14.3,9.14,1006,2458,15.5,,,10.92,20.32,7,13,0,5.15
27,45,0,2015/01/28,-17,,,40,39,1,26,61,-4,-9,28,0,962,5.15,14.3,0.00,1018,2498,15.5,,,0.00,20.32,16,12,0,5.15
28,52,0,2015/01/29,-11,Snow,,37,32,2,23,69,-2,-7,35,0,999,5.17,14.3,0.51,1022,2535,15.5,,,T,15.24,14,6,0,5.17
29,63,0,2015/01/30,-6,Snow,,36,58,3,35,85,-2,-7,40,0,1035,5.23,15.3,1.52,1013,2571,16.5,,,2.54,17.78,10,17,0,5.23
30,41,0,2015/01/31,-18,,,45,71,-3,39,53,-7,-11,29,0,1080,5.23,15.3,0.00,1020,2616,16.5,,,0.00,17.78,16,20,0,5.23
31,66,0,2015/02/01,-7,Snow,,37,27,2,19,85,-2,-7,47,0,37,0.03,0.3,0.76,1020,2653,16.8,,,0.76,15.24,11,6,0,5.26
32,80,0,2015/02/02,-4,"Fog
	,
Rain
	,
Snow",,41,52,1,35,92,-4,-10,67,0,78,1.05,3.6,25.91,1002,2694,20.1,,,8.38,17.78,5,16,0,6.28
33,60,0,2015/02/03,-13,,,45,43,-3,27,70,-7,-11,50,0,123,1.05,3.6,0.00,1023,2739,20.1,,,0.00,20.32,15,12,0,6.28
34,56,0,2015/02/04,-6,,,31,31,6,21,63,1,-4,49,0,154,1.05,3.6,0.00,1021,2770,20.1,,,0.00,20.32,15,7,0,6.28
35,50,0,2015/02/05,-12,,,37,48,6,32,69,-2,-10,31,0,191,1.05,3.6,0.00,1016,2807,20.1,,,0.00,12.70,16,14,0,6.28
36,43,0,2015/02/06,-18,,,45,42,-3,27,53,-7,-11,33,0,236,1.05,3.6,0.00,1022,2852,20.1,,,0.00,20.32,16,12,0,6.28
37,61,0,2015/02/07,-8,Snow,,32,29,4,19,75,1,-4,46,0,268,1.07,3.6,0.51,1019,2884,20.1,,,T,20.32,12,6,0,6.30
38,74,0,2015/02/08,-2,,,32,42,3,29,89,1,-2,59,0,300,1.07,3.6,0.00,1013,2916,20.1,,,0.00,20.32,9,14,0,6.30
39,75,0,2015/02/09,-7,,,38,47,-2,32,81,-3,-4,68,0,338,1.16,3.6,2.29,1015,2954,20.1,,,T,20.32,15,18,0,6.39
40,59,0,2015/02/10,-7,Snow,,32,43,4,29,69,1,-3,48,0,370,1.17,3.7,0.25,1017,2986,20.2,,,0.25,20.32,15,17,0,6.40
41,50,0,2015/02/11,-12,,,37,42,1,29,65,-2,-6,35,0,407,1.17,3.7,0.00,1016,3023,20.2,,,0.00,0.00,16,10,0,6.40
42,55,0,2015/02/12,-7,Snow,,37,63,4,35,69,-2,-9,41,0,444,1.17,3.7,T,1009,3060,20.2,,,T,20.32,12,12,0,6.40
43,41,0,2015/02/13,-22,,,50,60,-6,35,50,-9,-13,31,0,494,1.17,3.7,0.00,1019,3110,20.2,,,0.00,20.32,16,15,0,6.40
44,54,0,2015/02/14,-9,Snow,,41,37,0,23,75,-4,-9,33,0,535,1.19,4.6,0.51,1005,3151,21.1,,,2.29,20.32,10,9,0,6.42
45,58,0,2015/02/15,-18,Snow,,50,68,-4,37,81,-9,-16,34,0,585,1.19,4.6,T,1007,3201,21.1,,,T,22.86,14,24,0,6.42
46,38,0,2015/02/16,-24,,,53,58,-6,34,51,-11,-16,25,0,638,1.19,4.6,0.00,1021,3254,21.1,,,0.00,22.86,16,11,0,6.42
47,57,0,2015/02/17,-13,Snow,,44,26,-3,19,80,-6,-10,34,0,682,1.33,7.9,3.56,1013,3298,24.4,,,8.38,30.48,8,8,0,6.56
48,55,0,2015/02/18,-10,Snow,,39,34,1,24,67,-3,-7,43,0,721,1.33,7.9,T,1009,3337,24.4,,,T,22.86,13,7,0,6.56
49,40,0,2015/02/19,-19,,,47,50,-3,32,55,-8,-13,25,0,768,1.33,7.9,0.00,1009,3384,24.4,,,0.00,22.86,16,18,0,6.56
50,39,0,2015/02/20,-23,,,54,58,-7,35,44,-12,-17,33,0,822,1.33,7.9,0.00,1024,3438,24.4,,,0.00,22.86,16,17,0,6.56
51,59,0,2015/02/21,-9,"Fog
	,
Rain
	,
Snow",,42,37,0,23,85,-5,-11,33,0,864,1.94,10.9,15.49,1027,3480,27.4,,,7.62,22.86,7,7,0,7.17
52,71,0,2015/02/22,-2,"Rain
	,
Snow",,27,27,6,19,89,3,0,53,0,891,2.04,11.9,2.54,1021,3507,28.4,,,2.54,33.02,8,5,0,7.27
53,45,0,2015/02/23,-17,,,42,47,3,27,64,-5,-13,25,0,933,2.04,11.9,0.00,1026,3549,28.4,,,0.00,30.48,16,18,0,7.27
54,47,0,2015/02/24,-19,,,51,37,-4,23,60,-10,-16,34,0,984,2.04,11.9,0.00,1022,3600,28.4,,,0.00,30.48,16,9,0,7.27
55,49,0,2015/02/25,-12,,,36,39,3,24,65,-2,-7,32,0,1020,2.04,11.9,0.00,1011,3636,28.4,,,0.00,30.48,16,10,0,7.27
56,46,0,2015/02/26,-13,,,38,32,0,24,63,-3,-6,29,0,1058,2.04,11.9,0.00,1016,3674,28.4,,,0.00,27.94,15,11,0,7.27
57,41,0,2015/02/27,-16,,,41,32,-1,21,54,-4,-8,28,0,1099,2.04,11.9,0.00,1029,3715,28.4,,,0.00,0.00,16,10,0,7.27
58,40,0,2015/02/28,-19,,,44,29,-2,19,51,-6,-11,29,0,1143,2.04,11.9,0.00,1041,3759,28.4,,,0.00,27.94,16,6,0,7.27
59,56,0,2015/03/01,-9,"Fog
	,
Snow",,37,32,-1,24,84,-2,-4,28,0,37,0.52,4.8,13.21,1031,3796,33.2,,,12.19,25.40,7,4,0,7.79
60,55,0,2015/03/02,-8,,,32,55,4,29,78,1,-3,32,0,69,0.52,4.8,0.00,1021,3828,33.2,,,0.00,38.10,13,13,0,7.79
61,62,0,2015/03/03,-7,"Rain
	,
Snow",,35,39,3,23,85,-1,-6,39,0,104,1.19,6.6,17.02,1023,3863,35.0,,,4.57,35.56,9,8,0,8.46
62,81,0,2015/03/04,2,Rain,,25,40,7,24,92,4,2,70,0,129,1.44,6.6,6.35,1011,3888,35.0,,,0.00,33.02,8,10,0,8.71
63,75,0,2015/03/05,-5,"Fog
	,
Rain
	,
Snow",,35,32,4,23,100,-1,-7,49,0,164,2.20,14.1,19.30,1020,3923,42.5,,,19.05,33.02,3,9,0,9.47
64,48,0,2015/03/06,-16,,,45,32,-3,23,61,-7,-11,34,0,209,2.20,14.1,0.00,1031,3968,42.5,,,0.00,48.26,15,10,0,9.47
65,47,0,2015/03/07,-12,,,37,39,3,26,56,-2,-8,38,0,246,2.20,14.1,0.00,1022,4005,42.5,,,0.00,45.72,16,8,0,9.47
66,44,0,2015/03/08,-6,,,22,48,9,32,57,6,3,31,0,268,2.20,14.1,0.00,1018,4027,42.5,,,0.00,40.64,16,8,0,9.47
67,41,0,2015/03/09,-4,Rain,,18,40,12,26,53,8,4,28,0,286,2.21,14.1,0.25,1021,4045,42.5,,,0.00,33.02,16,8,0,9.48
68,67,0,2015/03/10,2,Rain,,19,27,12,19,92,8,4,42,0,305,2.67,14.1,11.68,1022,4064,42.5,,,0.00,27.94,9,6,0,9.94
69,61,0,2015/03/11,4,Rain,2 (Base 50),13,35,15,23,93,11,7,29,0,318,2.68,14.1,0.25,1015,4077,42.5,,,0.00,15.24,11,11,0,9.95
70,27,0,2015/03/12,-14,,,23,53,8,32,43,6,2,11,0,341,2.68,14.1,0.00,1029,4100,42.5,,,0.00,10.16,16,13,0,9.95
71,38,0,2015/03/13,-13,,,28,31,6,21,59,3,-1,17,0,369,2.68,14.1,0.00,1034,4128,42.5,,,0.00,5.08,16,10,0,9.95
72,73,0,2015/03/14,5,Rain,,19,35,11,24,93,8,4,53,0,388,3.49,14.1,20.57,1016,4147,42.5,,,0.00,0.00,9,9,0,10.76
73,67,0,2015/03/15,-2,,,25,66,7,37,89,4,2,45,0,413,3.49,14.1,0.00,1009,4172,42.5,,,0.00,0.00,16,18,0,10.76
74,49,0,2015/03/16,-4,,,21,32,11,21,59,7,2,38,0,434,3.49,14.1,0.00,1013,4193,42.5,,,0.00,0.00,16,6,0,10.76
75,49,0,2015/03/17,-3,Rain,,19,69,14,39,71,8,1,27,0,453,3.51,14.1,0.51,1005,4212,42.5,,,0.00,0.00,15,16,0,10.78
76,35,0,2015/03/18,-13,,,31,56,4,32,43,1,-2,27,0,484,3.51,14.1,0.00,1017,4243,42.5,,,0.00,0.00,16,15,0,10.78
77,32,0,2015/03/19,-16,,,29,35,6,23,46,2,-2,17,0,513,3.51,14.1,0.00,1025,4272,42.5,,,0.00,0.00,16,9,0,10.78
78,58,0,2015/03/20,-7,"Fog
	,
Snow",,31,35,3,27,92,1,-2,23,0,544,3.91,18.6,10.16,1024,4303,47.0,,,11.43,0.00,7,13,0,11.18
79,75,0,2015/03/21,-2,,,27,43,8,26,92,3,-2,58,0,571,3.91,18.6,T,1017,4330,47.0,,,T,12.70,8,9,0,11.18
80,41,0,2015/03/22,-11,,,29,48,6,29,57,2,-2,25,0,600,3.91,18.6,0.00,1017,4359,47.0,,,0.00,0.00,16,12,0,11.18
81,35,0,2015/03/23,-16,,,34,43,3,26,50,-1,-5,19,0,634,3.91,18.6,0.00,1023,4393,47.0,,,0.00,0.00,16,11,0,11.18
82,33,0,2015/03/24,-13,,,29,27,7,21,42,2,-3,24,0,663,3.91,18.6,0.00,1027,4422,50.3,,,0.00,0.00,16,6,0,11.18
83,57,0,2015/03/25,-3,Rain,,23,35,9,21,89,6,1,25,0,686,3.96,18.6,1.27,1027,4445,50.3,,,0.00,0.00,14,7,0,11.23
84,88,0,2015/03/26,8,Rain,2 (Base 50),13,37,17,23,93,11,6,82,0,699,4.28,18.6,8.13,1010,4458,50.3,,,0.00,0.00,7,5,0,11.55
85,69,0,2015/03/27,1,Rain,,22,29,8,19,89,6,4,49,0,721,4.55,18.6,6.86,1007,4480,50.3,,,0.00,0.00,15,7,0,11.82
86,56,0,2015/03/28,-7,Snow,,32,37,4,24,68,1,-3,44,0,753,4.55,18.6,T,1011,4512,50.3,,,T,0.00,15,12,0,11.82
87,40,0,2015/03/29,-14,,,29,35,8,23,63,2,-4,16,0,782,4.55,18.6,0.00,1022,4541,50.3,,,0.00,0.00,16,10,0,11.82
88,50,0,2015/03/30,-5,Snow,,20,71,12,39,70,7,2,30,0,802,4.55,18.6,T,1012,4561,50.3,,,T,0.00,14,13,0,11.82
89,65,0,2015/03/31,-1,Rain,,24,32,8,21,92,5,2,37,0,826,4.72,18.6,4.32,1010,4585,50.3,,,T,0.00,14,9,0,11.99
90,52,0,2015/04/01,-8,,,23,37,11,24,82,6,0,22,0,23,0.00,0.0,0.00,1017,4608,50.3,,,0.00,0.00,16,8,0,11.99
91,32,0,2015/04/02,-4,,4 (Base 50),11,50,19,32,41,12,5,22,0,34,0.00,0.0,0.00,1020,4619,50.3,,,0.00,0.00,16,10,0,11.99
92,62,0,2015/04/03,10,Rain,12 (Base 50),3,40,18,26,84,17,15,39,0,37,0.04,0.0,1.02,1008,4622,50.3,,,0.00,0.00,13,11,0,12.03
93,56,0,2015/04/04,1,Rain,2 (Base 50),14,66,16,39,87,11,6,24,0,51,0.05,0.0,0.25,1008,4636,50.3,,,0.00,0.00,14,16,0,12.04
94,43,0,2015/04/05,-4,,1 (Base 50),13,48,16,29,60,11,6,25,0,64,0.05,0.0,0.00,1021,4649,50.3,,,0.00,0.00,16,8,0,12.04
95,56,0,2015/04/06,2,,2 (Base 50),12,29,17,19,76,12,6,36,0,76,0.05,0.0,0.00,1024,4661,50.3,,,0.00,0.00,16,7,0,12.04
96,66,0,2015/04/07,5,Rain,2 (Base 50),13,40,17,27,89,11,6,43,0,89,0.20,0.0,3.81,1024,4674,50.3,,,0.00,0.00,13,11,0,12.19
97,66,0,2015/04/08,0,,,24,52,7,35,86,5,3,45,0,113,0.20,0.0,0.00,1026,4698,50.3,,,0.00,0.00,15,18,0,12.19
98,81,0,2015/04/09,2,,,25,40,6,29,92,4,3,70,0,138,0.20,0.0,0.00,1026,4723,50.3,,,0.00,0.00,14,14,0,12.19
99,90,0,2015/04/10,6,Rain,,17,35,13,23,96,9,4,83,0,155,0.37,0.0,4.32,1014,4740,50.3,,,0.00,0.00,7,7,0,12.36
100,48,0,2015/04/11,-1,,,14,45,14,27,66,11,7,30,0,169,0.37,0.0,0.00,1015,4754,50.3,,,0.00,0.00,16,14,0,12.36
101,39,0,2015/04/12,-2,,4 (Base 50),10,34,19,21,59,13,6,19,0,179,0.37,0.0,0.00,1025,4764,50.3,,,0.00,0.00,16,5,0,12.36
102,43,0,2015/04/13,3,,9 (Base 50),6,39,20,24,55,15,10,30,0,185,0.37,0.0,0.00,1025,4770,50.3,,,0.00,0.00,16,7,0,12.36
103,50,0,2015/04/14,5,,10 (Base 50),5,35,18,21,75,16,13,24,0,190,0.38,0.0,0.25,1020,4775,50.3,,,0.00,0.00,16,6,0,12.37
104,27,0,2015/04/15,-6,,11 (Base 50),3,56,22,34,41,17,11,12,0,193,0.38,0.0,0.00,1022,4778,50.3,,,0.00,0.00,16,10,0,12.37
105,39,0,2015/04/16,-4,,7 (Base 50),7,34,18,26,61,14,11,17,0,200,0.38,0.0,0.00,1029,4785,50.3,,,0.00,0.00,16,10,0,12.37
106,68,0,2015/04/17,11,Rain,12 (Base 50),2,40,22,24,83,17,13,53,0,202,0.46,0.0,2.03,1017,4787,50.3,,,0.00,0.00,15,8,0,12.45
107,38,5,2015/04/18,4,,19 (Base 50),0,40,27,24,56,21,15,20,5,202,0.46,0.0,0.00,1014,4787,50.3,,,0.00,0.00,16,7,5,12.45
108,41,0,2015/04/19,-2,,6 (Base 50),9,35,18,24,61,13,9,21,5,211,0.46,0.0,0.00,1023,4796,50.3,,,0.00,0.00,16,14,5,12.45
109,83,0,2015/04/20,10,"Fog
	,
Rain",2 (Base 50),13,43,14,26,100,11,8,66,5,224,1.83,0.0,34.80,1008,4809,50.3,,,0.00,0.00,5,12,5,13.82
110,63,0,2015/04/21,7,Rain,8 (Base 50),6,39,18,26,100,15,11,25,5,230,2.03,0.0,5.08,1004,4815,50.3,,,0.00,0.00,10,10,5,14.02
111,49,0,2015/04/22,2,Rain,10 (Base 50),6,53,21,32,67,15,9,31,5,236,2.08,0.0,1.27,1005,4821,50.3,,,0.00,0.00,15,10,5,14.07
112,47,0,2015/04/23,-4,,,18,53,11,34,62,8,5,32,5,254,2.08,0.0,0.00,1007,4839,50.3,,,0.00,0.00,16,15,5,14.07
113,35,0,2015/04/24,-8,,,19,53,11,27,44,8,4,26,5,273,2.08,0.0,0.00,1011,4858,50.3,,,0.00,0.00,16,14,5,14.07
114,36,0,2015/04/25,-5,,,15,35,17,23,52,10,3,20,5,288,2.08,0.0,0.00,1009,4873,50.3,,,0.00,0.00,16,9,5,14.07
115,36,0,2015/04/26,-3,,4 (Base 50),10,34,18,21,46,13,8,25,5,298,2.08,0.0,0.00,1005,4883,50.3,,,0.00,0.00,16,8,5,14.07
116,40,0,2015/04/27,-1,,4 (Base 50),9,45,17,26,50,13,9,29,5,307,2.08,0.0,0.00,1005,4892,50.3,,,0.00,0.00,16,9,5,14.07
117,43,0,2015/04/28,2,,10 (Base 50),4,42,22,27,61,16,10,24,5,311,2.08,0.0,0.00,1007,4896,50.3,,,0.00,0.00,16,13,5,14.07
118,44,0,2015/04/29,3,,15 (Base 50),1,37,26,27,68,18,10,20,5,312,2.08,0.0,0.00,1006,4897,50.3,,,0.00,0.00,16,9,5,14.07
119,53,0,2015/04/30,3,,7 (Base 50),7,34,19,24,71,14,9,34,5,319,2.08,0.0,0.00,1009,4904,50.3,,,0.00,0.00,16,13,5,14.07
120,59,0,2015/05/01,4,,4 (Base 50),9,29,17,23,71,13,9,46,0,9,0.00,0.0,0.00,1014,4913,50.3,,,0.00,0.00,16,8,5,14.07
121,56,0,2015/05/02,4,,10 (Base 50),4,35,23,24,80,16,9,31,0,13,0.00,0.0,0.00,1015,4917,50.3,,,0.00,0.00,16,5,5,14.07
122,41,1,2015/05/03,3,,14 (Base 50),0,29,27,16,59,19,11,22,1,13,0.00,0.0,0.00,1019,4917,50.3,,,0.00,0.00,16,4,6,14.07
123,47,6,2015/05/04,7,,20 (Base 50),0,37,29,24,72,22,14,22,7,13,0.00,0.0,0.00,1021,4917,50.3,,,0.00,0.00,15,9,12,14.07
124,44,11,2015/05/05,10,,25 (Base 50),0,34,29,21,53,24,19,34,18,13,0.00,0.0,0.00,1022,4917,50.3,,,0.00,0.00,16,6,23,14.07
125,41,1,2015/05/06,5,,16 (Base 50),0,37,23,23,53,19,15,28,19,13,T,0.0,T,1024,4917,50.3,,,0.00,0.00,16,8,24,14.07
126,54,3,2015/05/07,7,,18 (Base 50),0,27,27,16,80,20,13,27,22,13,T,0.0,0.00,1022,4917,50.3,,,0.00,0.00,16,4,27,14.07
127,62,4,2015/05/08,11,,18 (Base 50),0,34,28,21,86,21,13,38,26,13,T,0.0,0.00,1021,4917,50.3,,,0.00,0.00,10,5,31,14.07
128,77,0,2015/05/09,13,,13 (Base 50),1,21,21,14,90,18,14,63,26,14,T,0.0,0.00,1025,4918,50.3,,,0.00,0.00,9,7,31,14.07
129,71,7,2015/05/10,16,,22 (Base 50),0,37,28,21,90,22,16,51,33,14,T,0.0,0.00,1023,4918,50.3,,,0.00,0.00,12,6,38,14.07
130,70,12,2015/05/11,18,Rain,26 (Base 50),0,40,29,21,84,25,21,55,45,14,T,0.0,T,1019,4918,50.3,,,0.00,0.00,13,6,50,14.07
131,58,10,2015/05/12,15,,26 (Base 50),0,45,30,24,87,24,18,28,55,14,T,0.0,0.00,1011,4918,50.3,,,0.00,0.00,14,9,60,14.07
132,43,0,2015/05/13,3,,12 (Base 50),3,42,21,24,51,17,12,35,55,17,T,0.0,0.00,1019,4921,50.3,,,0.00,0.00,16,12,60,14.07
133,37,0,2015/05/14,1,,12 (Base 50),3,32,23,21,56,17,10,17,55,20,T,0.0,0.00,1027,4924,50.3,,,0.00,0.00,16,6,60,14.07
134,45,0,2015/05/15,4,,14 (Base 50),0,35,24,21,59,18,13,31,55,20,T,0.0,0.00,1025,4924,50.3,,,0.00,0.00,16,5,60,14.07
135,67,1,2015/05/16,14,Rain,15 (Base 50),0,26,24,16,87,19,14,46,56,20,0.30,0.0,7.62,1022,4924,50.3,,,0.00,0.00,11,3,61,14.37
136,72,9,2015/05/17,18,Rain,23 (Base 50),0,18,28,11,93,23,18,51,65,20,0.32,0.0,0.51,1021,4924,50.3,,,0.00,0.00,8,3,70,14.39
137,77,3,2015/05/18,14,,18 (Base 50),0,29,24,23,90,20,16,63,68,20,0.32,0.0,0.00,1021,4924,50.3,,,0.00,0.00,10,7,73,14.39
138,72,5,2015/05/19,14,Rain,19 (Base 50),0,42,27,23,87,21,15,57,73,20,0.32,0.0,T,1013,4924,50.3,,,0.00,0.00,8,4,78,14.39
139,47,0,2015/05/20,3,,10 (Base 50),4,43,19,23,57,16,12,36,73,24,0.32,0.0,0.00,1013,4928,50.3,,,0.00,0.00,16,11,78,14.39
140,54,0,2015/05/21,3,,6 (Base 50),8,26,17,19,72,14,11,36,73,32,0.32,0.0,0.00,1014,4936,50.3,,,0.00,0.00,16,4,78,14.39
141,51,0,2015/05/22,4,,14 (Base 50),0,47,23,29,72,18,13,29,73,32,0.32,0.0,0.00,1014,4936,50.3,,,0.00,0.00,16,10,78,14.39
142,38,0,2015/05/23,-2,,8 (Base 50),5,40,21,24,55,16,9,20,73,37,0.32,0.0,0.00,1027,4941,50.3,,,0.00,0.00,16,7,78,14.39
143,38,4,2015/05/24,6,,18 (Base 50),0,29,27,16,55,21,13,21,77,37,0.32,0.0,0.00,1026,4941,50.3,,,0.00,0.00,16,6,82,14.39
144,52,10,2015/05/25,13,,24 (Base 50),0,34,29,21,67,24,18,37,87,37,0.32,0.0,0.00,1023,4941,50.3,,,0.00,0.00,16,8,92,14.39
145,54,13,2015/05/26,14,,26 (Base 50),0,32,31,19,68,26,19,40,100,37,0.32,0.0,0.00,1022,4941,50.3,,,0.00,0.00,16,8,105,14.39
146,70,13,2015/05/27,18,Rain,28 (Base 50),0,37,29,24,84,26,21,55,113,37,0.40,0.0,2.03,1021,4941,50.3,,,0.00,0.00,14,8,118,14.47
147,62,13,2015/05/28,18,,27 (Base 50),0,32,29,19,90,26,21,34,126,37,0.40,0.0,0.00,1021,4941,50.3,,,0.00,0.00,13,7,131,14.47
148,57,10,2015/05/29,13,,24 (Base 50),0,27,29,19,76,24,18,37,136,37,0.40,0.0,0.00,1025,4941,50.3,,,0.00,0.00,16,7,141,14.47
149,68,11,2015/05/30,17,,25 (Base 50),0,40,29,23,84,24,19,51,147,37,0.40,0.0,0.00,1021,4941,50.3,,,0.00,0.00,16,9,152,14.47
150,74,7,2015/05/31,18,"Fog
	,
Rain",24 (Base 50),0,45,31,32,97,22,14,51,154,37,1.86,0.0,37.08,1018,4941,50.3,,,0.00,0.00,10,9,159,15.93
151,90,0,2015/06/01,12,Rain,5 (Base 50),10,47,14,26,93,13,11,86,0,10,0.72,0.0,18.29,1020,4951,50.3,0,10,0.00,0.00,7,17,159,16.65
152,88,0,2015/06/02,9,Rain,2 (Base 50),12,31,13,23,93,12,10,83,0,22,1.09,0.0,9.40,1021,4963,50.3,0,22,0.00,0.00,10,10,159,17.02
153,67,0,2015/06/03,9,,11 (Base 50),4,26,21,16,93,16,11,40,0,26,1.09,0.0,0.00,1023,4967,50.3,0,26,0.00,0.00,16,7,159,17.02
154,69,0,2015/06/04,9,,9 (Base 50),5,26,18,19,77,16,12,60,0,31,1.09,0.0,0.00,1024,4972,50.3,0,31,0.00,0.00,16,8,159,17.02
155,80,0,2015/06/05,12,Rain,12 (Base 50),2,23,21,14,93,17,13,66,0,33,1.22,0.0,3.30,1019,4974,50.3,0,33,0.00,0.00,10,5,159,17.15
156,60,3,2015/06/06,12,Rain,18 (Base 50),0,35,24,14,97,20,16,22,3,33,1.41,0.0,4.83,1013,4974,50.3,3,33,0.00,0.00,10,7,162,17.34
157,44,0,2015/06/07,6,,14 (Base 50),0,37,23,19,55,18,13,32,3,33,1.41,0.0,0.00,1021,4974,50.3,3,33,0.00,0.00,16,6,162,17.34
158,63,6,2015/06/08,14,Rain,21 (Base 50),0,43,26,24,72,22,17,54,9,33,1.47,0.0,1.52,1013,4974,50.3,9,33,0.00,0.00,16,10,168,17.40
159,65,11,2015/06/09,17,Rain,25 (Base 50),0,40,28,24,90,24,20,39,20,33,1.48,0.0,0.25,1006,4974,50.3,20,33,0.00,0.00,14,8,179,17.41
160,53,9,2015/06/10,13,,24 (Base 50),0,31,28,21,68,23,18,37,29,33,1.48,0.0,0.00,1011,4974,50.3,29,33,0.00,0.00,16,5,188,17.41
161,58,16,2015/06/11,18,,30 (Base 50),0,31,32,23,68,27,22,47,45,33,1.48,0.0,0.00,1012,4974,50.3,45,33,0.00,0.00,11,7,204,17.41
162,54,16,2015/06/12,18,,32 (Base 50),0,37,31,21,65,27,23,43,61,33,1.48,0.0,0.00,1013,4974,50.3,61,33,0.00,0.00,14,7,220,17.41
163,48,14,2015/06/13,15,,30 (Base 50),0,35,30,23,65,26,22,30,75,33,1.48,0.0,0.00,1013,4974,50.3,75,33,0.00,0.00,16,9,234,17.41
164,64,12,2015/06/14,15,Rain,26 (Base 50),0,29,31,16,93,25,19,34,87,33,1.84,0.0,9.14,1017,4974,50.3,87,33,0.00,0.00,14,4,246,17.77
165,83,9,2015/06/15,19,Rain,23 (Base 50),0,40,28,27,97,23,18,69,96,33,2.41,0.0,14.48,1015,4974,50.3,96,33,0.00,0.00,5,7,255,18.34
166,74,7,2015/06/16,19,Rain,22 (Base 50),0,21,26,13,87,22,18,60,103,33,2.68,0.0,6.86,1012,4974,50.3,103,33,0.00,0.00,8,4,262,18.61
167,60,9,2015/06/17,14,Rain,24 (Base 50),0,27,28,19,78,23,19,42,112,33,2.68,0.0,T,1019,4974,50.3,112,33,0.00,0.00,15,6,271,18.61
168,74,3,2015/06/18,14,,16 (Base 50),0,24,22,13,81,20,18,66,115,33,2.68,0.0,0.00,1018,4974,50.3,115,33,0.00,0.00,16,6,274,18.61
169,66,13,2015/06/19,17,,25 (Base 50),0,26,31,16,84,26,20,47,128,33,2.68,0.0,0.00,1013,4974,50.3,128,33,0.00,0.00,15,6,287,18.61
170,70,5,2015/06/20,15,Rain,18 (Base 50),0,35,24,24,90,21,18,49,133,33,2.68,0.0,T,1017,4974,50.3,133,33,0.00,0.00,11,9,292,18.61
171,72,15,2015/06/21,21,Rain,30 (Base 50),0,45,31,26,93,27,22,50,148,33,3.32,0.0,16.26,1008,4974,50.3,148,33,0.00,0.00,8,7,307,19.25
172,62,14,2015/06/22,16,,28 (Base 50),0,31,31,21,87,26,21,37,162,33,3.32,0.0,0.00,1014,4974,50.3,162,33,0.00,0.00,16,8,321,19.25
173,66,18,2015/06/23,20,,32 (Base 50),0,43,32,26,79,28,24,52,180,33,3.34,0.0,0.51,1011,4974,50.3,180,33,0.00,0.00,14,9,339,19.27
174,50,11,2015/06/24,12,,25 (Base 50),0,31,29,21,63,24,20,36,191,33,3.34,0.0,0.00,1015,4974,50.3,191,33,0.00,0.00,16,7,350,19.27
175,49,9,2015/06/25,11,,24 (Base 50),0,35,28,21,64,23,18,33,200,33,3.34,0.0,0.00,1016,4974,50.3,200,33,0.00,0.00,16,5,359,19.27
176,58,10,2015/06/26,14,,25 (Base 50),0,34,27,26,73,24,21,42,210,33,3.34,0.0,0.00,1015,4974,50.3,210,33,0.00,0.00,16,7,369,19.27
177,72,0,2015/06/27,13,Rain,14 (Base 50),0,39,22,26,97,18,14,47,210,33,4.46,0.0,28.45,1016,4974,50.3,210,33,0.00,0.00,10,12,369,20.39
178,77,3,2015/06/28,16,Rain,17 (Base 50),0,40,23,29,93,20,17,61,213,33,4.75,0.0,7.37,1006,4974,50.3,213,33,0.00,0.00,9,9,372,20.68
179,59,5,2015/06/29,13,,19 (Base 50),0,32,24,19,72,21,17,46,218,33,4.75,0.0,0.00,1012,4974,50.3,218,33,0.00,0.00,16,8,377,20.68
180,56,10,2015/06/30,16,,24 (Base 50),0,40,28,23,70,24,20,42,228,33,4.75,0.0,0.00,1013,4974,50.3,228,33,0.00,0.00,16,6,387,20.68
181,68,11,2015/07/01,18,"Fog
	,
Rain",26 (Base 50),0,50,28,23,90,24,21,45,11,0,0.39,0.0,9.91,1009,0,0.0,239,33,0.00,0.00,10,7,398,21.11
182,58,10,2015/07/02,14,,24 (Base 50),0,19,27,13,68,24,21,48,21,0,0.39,0.0,0.00,1012,0,0.0,249,33,0.00,0.00,16,2,408,21.11
183,52,9,2015/07/03,12,,23 (Base 50),0,21,28,14,68,23,19,35,30,0,0.39,0.0,0.00,1014,0,0.0,258,33,0.00,0.00,16,5,417,21.11
184,60,7,2015/07/04,14,Rain,22 (Base 50),0,23,24,14,73,22,21,46,37,0,0.39,0.0,T,1014,0,0.0,265,33,0.00,0.00,16,5,424,21.11
185,60,11,2015/07/05,16,,26 (Base 50),0,19,28,11,73,24,20,46,48,0,0.39,0.0,0.00,1019,0,0.0,276,33,0.00,0.00,15,2,435,21.11
186,68,13,2015/07/06,18,,27 (Base 50),0,29,28,19,84,26,22,51,61,0,0.39,0.0,0.00,1020,0,0.0,289,33,0.00,0.00,14,5,448,21.11
187,76,17,2015/07/07,22,"Fog
	,
Rain",30 (Base 50),0,37,31,16,91,28,24,61,78,0,0.51,0.0,3.05,1016,0,0.0,306,33,0.00,0.00,12,8,465,21.23
188,72,18,2015/07/08,21,,30 (Base 50),0,35,31,21,82,28,25,61,96,0,0.51,0.0,T,1014,0,0.0,324,33,0.00,0.00,12,5,483,21.23
189,72,9,2015/07/09,18,Rain,23 (Base 50),0,29,26,19,90,23,20,54,105,0,0.81,0.0,7.62,1013,0,0.0,333,33,0.00,0.00,9,7,492,21.53
190,65,13,2015/07/10,17,,27 (Base 50),0,34,29,19,93,26,22,37,118,0,0.81,0.0,0.00,1013,0,0.0,346,33,0.00,0.00,14,7,505,21.53
191,45,14,2015/07/11,13,,28 (Base 50),0,24,31,16,61,26,21,28,132,0,0.81,0.0,0.00,1018,0,0.0,360,33,0.00,0.00,16,4,519,21.53
192,50,16,2015/07/12,16,,30 (Base 50),0,19,32,11,64,27,22,36,148,0,0.81,0.0,0.00,1016,0,0.0,376,33,0.00,0.00,16,3,535,21.53
193,53,16,2015/07/13,16,,30 (Base 50),0,29,31,16,64,27,23,42,164,0,0.81,0.0,0.00,1012,0,0.0,392,33,0.00,0.00,15,4,551,21.53
194,74,13,2015/07/14,21,"Fog
	,
Rain",27 (Base 50),0,26,28,13,87,26,23,60,177,0,1.23,0.0,10.67,1004,0,0.0,405,33,0.00,0.00,12,4,564,21.95
195,67,12,2015/07/15,21,"Fog
	,
Rain",26 (Base 50),0,35,27,21,87,25,22,46,189,0,1.35,0.0,3.05,1004,0,0.0,417,33,0.00,0.00,9,7,576,22.07
196,46,7,2015/07/16,9,,22 (Base 50),0,37,27,24,61,22,18,30,196,0,1.35,0.0,0.00,1016,0,0.0,424,33,0.00,0.00,16,9,583,22.07
197,62,9,2015/07/17,15,,22 (Base 50),0,34,27,19,73,23,19,50,205,0,1.35,0.0,0.00,1018,0,0.0,433,33,0.00,0.00,16,6,592,22.07
198,72,13,2015/07/18,20,"Fog
	,
Rain",28 (Base 50),0,31,29,16,79,26,22,64,218,0,1.67,0.0,8.13,1014,0,0.0,446,33,0.00,0.00,14,7,605,22.39
199,62,21,2015/07/19,21,,36 (Base 50),0,35,34,23,74,30,26,49,239,0,1.67,0.0,0.00,1009,0,0.0,467,33,0.00,-,15,5,626,22.39
200,57,23,2015/07/20,20,,38 (Base 50),0,31,34,19,70,31,28,43,262,0,1.67,0.0,0.00,1006,0,0.0,490,33,0.00,0.00,15,7,649,22.39
201,54,17,2015/07/21,18,,32 (Base 50),0,31,32,16,64,28,23,43,279,0,1.67,0.0,T,1004,0,0.0,507,33,0.00,0.00,15,4,666,22.39
202,44,12,2015/07/22,11,,27 (Base 50),0,37,29,23,58,25,21,29,291,0,1.67,0.0,0.00,1008,0,0.0,519,33,0.00,0.00,16,9,678,22.39
203,42,12,2015/07/23,9,,26 (Base 50),0,31,30,21,55,25,20,28,303,0,1.67,0.0,0.00,1013,0,0.0,531,33,0.00,0.00,16,6,690,22.39
204,39,14,2015/07/24,10,,28 (Base 50),0,24,31,16,53,26,21,25,317,0,1.67,0.0,0.00,1013,0,0.0,545,33,0.00,0.00,16,3,704,22.39
205,49,14,2015/07/25,13,,28 (Base 50),0,31,31,16,69,26,21,29,331,0,1.67,0.0,0.00,1015,0,0.0,559,33,0.00,0.00,16,5,718,22.39
206,52,17,2015/07/26,16,,30 (Base 50),0,35,32,19,61,28,23,43,348,0,1.67,0.0,T,1015,0,0.0,576,33,0.00,0.00,16,7,735,22.39
207,72,14,2015/07/27,19,Rain,28 (Base 50),0,35,30,32,90,26,22,54,362,0,2.03,0.0,9.14,1016,0,0.0,590,33,0.00,0.00,14,5,749,22.75
208,57,20,2015/07/28,18,,35 (Base 50),0,19,35,14,82,29,24,31,382,0,2.03,0.0,0.00,1015,0,0.0,610,33,0.00,0.00,15,4,769,22.75
209,51,22,2015/07/29,19,,36 (Base 50),0,27,36,16,69,31,26,33,404,0,2.03,0.0,0.00,1014,0,0.0,632,33,0.00,0.00,15,6,791,22.75
210,75,17,2015/07/30,23,"Fog
	,
Rain",30 (Base 50),0,35,31,19,85,28,24,65,421,0,3.98,0.0,49.53,1011,0,0.0,649,33,0.00,0.00,7,7,808,24.70
211,58,16,2015/07/31,15,,31 (Base 50),0,29,32,19,87,27,22,29,437,0,3.98,0.0,0.00,1010,0,0.0,665,33,0.00,0.00,15,5,824,24.70
212,46,17,2015/08/01,14,,32 (Base 50),0,35,32,23,60,28,24,31,17,0,0.00,0.0,0.00,1009,0,0.0,682,33,0.00,0.00,16,7,841,24.70
213,48,15,2015/08/02,14,,30 (Base 50),0,27,32,19,66,27,22,29,32,0,0.00,0.0,0.00,1012,0,0.0,697,33,0.00,0.00,16,3,856,24.70
214,49,18,2015/08/03,16,,32 (Base 50),0,34,32,19,60,28,24,38,50,0,0.00,0.0,0.00,1010,0,0.0,715,33,0.00,0.00,16,8,874,24.70
215,61,14,2015/08/04,16,"Fog
	,
Rain",29 (Base 50),0,58,32,37,90,26,21,31,64,0,0.43,0.0,10.92,1011,0,0.0,729,33,0.00,0.00,13,9,888,25.13
216,47,15,2015/08/05,13,,30 (Base 50),0,34,31,19,61,27,22,32,79,0,0.43,0.0,0.00,1012,0,0.0,744,33,0.00,0.00,16,5,903,25.13
217,47,10,2015/08/06,11,,25 (Base 50),0,23,28,14,59,24,19,34,89,0,0.43,0.0,0.00,1014,0,0.0,754,33,0.00,0.00,16,4,913,25.13
218,48,12,2015/08/07,12,,26 (Base 50),0,29,29,21,61,25,21,34,101,0,0.43,0.0,0.00,1013,0,0.0,766,33,0.00,0.00,16,9,925,25.13
219,58,10,2015/08/08,13,,24 (Base 50),0,24,28,19,73,24,20,42,111,0,0.43,0.0,0.00,1015,0,0.0,776,33,0.00,0.00,16,6,935,25.13
220,54,12,2015/08/09,14,,26 (Base 50),0,27,29,16,73,25,20,34,123,0,0.43,0.0,0.00,1016,0,0.0,788,33,0.00,0.00,16,6,947,25.13
221,57,12,2015/08/10,16,,26 (Base 50),0,32,29,21,73,25,21,40,135,0,0.43,0.0,0.00,1017,0,0.0,800,33,0.00,0.00,16,7,959,25.13
222,79,11,2015/08/11,19,Rain,25 (Base 50),0,34,27,19,93,24,22,64,146,0,1.60,0.0,29.72,1010,0,0.0,811,33,0.00,0.00,10,7,970,26.30
223,56,13,2015/08/12,14,,26 (Base 50),0,31,29,19,74,26,22,37,159,0,1.60,0.0,0.00,1011,0,0.0,824,33,0.00,0.00,16,7,983,26.30
224,47,10,2015/08/13,11,,25 (Base 50),0,24,28,16,63,24,19,30,169,0,1.60,0.0,0.00,1017,0,0.0,834,33,0.00,0.00,16,5,993,26.30
225,49,13,2015/08/14,13,,26 (Base 50),0,29,31,14,63,26,19,34,182,0,1.60,0.0,0.00,1020,0,0.0,847,33,0.00,0.00,16,5,1006,26.30
226,50,18,2015/08/15,17,,32 (Base 50),0,26,33,13,64,28,23,36,200,0,1.60,0.0,0.00,1019,0,0.0,865,33,0.00,0.00,16,5,1024,26.30
227,51,20,2015/08/16,18,,33 (Base 50),0,27,34,14,64,29,24,38,220,0,1.60,0.0,0.00,1019,0,0.0,885,33,0.00,0.00,16,3,1044,26.30
228,51,22,2015/08/17,18,,36 (Base 50),0,24,35,16,62,31,26,39,242,0,1.60,0.0,0.00,1017,0,0.0,907,33,0.00,0.00,15,5,1066,26.30
229,67,17,2015/08/18,20,Rain,32 (Base 50),0,40,32,23,87,28,23,46,259,0,1.89,0.0,7.37,1017,0,0.0,924,33,0.00,0.00,13,6,1083,26.59
230,70,17,2015/08/19,21,,32 (Base 50),0,35,31,19,79,28,25,61,276,0,1.89,0.0,0.00,1017,0,0.0,941,33,0.00,0.00,16,6,1100,26.59
231,67,17,2015/08/20,21,,32 (Base 50),0,40,30,26,79,28,25,55,293,0,1.90,0.0,0.25,1016,0,0.0,958,33,0.00,0.00,16,9,1117,26.60
232,65,14,2015/08/21,18,Rain,29 (Base 50),0,26,31,19,94,26,22,35,307,0,2.22,0.0,8.13,1016,0,0.0,972,33,0.00,0.00,14,7,1131,26.92
233,45,13,2015/08/22,11,,26 (Base 50),0,26,30,16,57,26,21,32,320,0,2.22,0.0,0.00,1019,0,0.0,985,33,0.00,0.00,15,7,1144,26.92
234,63,13,2015/08/23,17,,27 (Base 50),0,23,29,16,78,26,21,47,333,0,2.22,0.0,0.00,1015,0,0.0,998,33,0.00,0.00,16,6,1157,26.92
235,63,15,2015/08/24,18,,30 (Base 50),0,29,31,14,84,27,23,42,348,0,2.22,0.0,0.00,1012,0,0.0,1013,33,0.00,0.00,16,4,1172,26.92
236,53,17,2015/08/25,17,,32 (Base 50),0,29,32,16,69,28,23,37,365,0,2.22,0.0,0.00,1011,0,0.0,1030,33,0.00,0.00,16,6,1189,26.92
237,46,11,2015/08/26,11,,25 (Base 50),0,31,29,19,63,24,19,29,376,0,2.22,0.0,0.00,1014,0,0.0,1041,33,0.00,0.00,16,6,1200,26.92
238,50,10,2015/08/27,11,,24 (Base 50),0,27,28,16,63,24,19,36,386,0,2.22,0.0,0.00,1017,0,0.0,1051,33,0.00,0.00,16,5,1210,26.92
239,50,8,2015/08/28,11,,23 (Base 50),0,23,28,13,67,23,17,33,394,0,2.22,0.0,0.00,1021,0,0.0,1059,33,0.00,0.00,16,4,1218,26.92
240,47,12,2015/08/29,13,,26 (Base 50),0,32,31,19,63,25,19,31,406,0,2.22,0.0,0.00,1021,0,0.0,1071,33,0.00,0.00,16,3,1230,26.92
241,61,16,2015/08/30,18,Rain,30 (Base 50),0,31,32,19,79,27,22,43,422,0,2.35,0.0,3.30,1018,0,0.0,1087,33,0.00,0.00,14,6,1246,27.05
242,56,19,2015/08/31,18,,33 (Base 50),0,34,33,21,74,29,24,38,441,0,2.35,0.0,0.00,1016,0,0.0,1106,33,0.00,0.00,14,7,1265,27.05
243,54,18,2015/09/01,18,,32 (Base 50),0,21,32,14,69,28,24,38,18,0,0.00,0.0,0.00,1017,0,0.0,,,0.00,0.00,13,4,1283,27.05
244,59,18,2015/09/02,18,,32 (Base 50),0,24,33,14,74,28,23,44,36,0,0.00,0.0,0.00,1015,0,0.0,,,0.00,0.00,12,3,1301,27.05
245,51,19,2015/09/03,18,,34 (Base 50),0,23,34,16,74,29,23,28,55,0,0.00,0.0,0.00,1011,0,0.0,,,0.00,0.00,10,3,1320,27.05
246,60,14,2015/09/04,18,,30 (Base 50),0,40,29,27,69,26,22,51,69,0,0.00,0.0,0.00,1018,0,0.0,,,0.00,0.00,12,11,1334,27.05
247,52,10,2015/09/05,14,,24 (Base 50),0,27,28,23,78,24,19,25,79,0,0.00,0.0,0.00,1024,0,0.0,,,0.00,0.00,16,7,1344,27.05
248,54,11,2015/09/06,13,,26 (Base 50),0,26,31,14,73,24,18,34,90,0,0.00,0.0,0.00,1022,0,0.0,,,0.00,0.00,16,2,1355,27.05
249,58,16,2015/09/07,17,,30 (Base 50),0,31,33,16,84,27,21,32,106,0,0.00,0.0,0.00,1018,0,0.0,,,0.00,0.00,16,7,1371,27.05
250,50,22,2015/09/08,18,,36 (Base 50),0,35,36,21,69,31,24,30,128,0,0.00,0.0,0.00,1015,0,0.0,,,0.00,0.00,16,8,1393,27.05
251,64,18,2015/09/09,21,,33 (Base 50),0,40,32,21,76,28,24,52,146,0,T,0.0,T,1012,0,0.0,,,0.00,0.00,16,6,1411,27.05
252,88,10,2015/09/10,21,"Fog
	,
Rain",26 (Base 50),0,29,26,19,93,24,21,82,156,0,1.58,0.0,40.13,1010,0,0.0,,,0.00,0.00,7,10,1421,28.63
253,68,9,2015/09/11,17,,23 (Base 50),0,31,27,23,87,23,19,49,165,0,1.58,0.0,0.00,1008,0,0.0,,,0.00,0.00,15,8,1430,28.63
254,76,9,2015/09/12,18,Rain,24 (Base 50),0,35,26,23,93,23,21,58,174,0,1.87,0.0,7.37,1007,0,0.0,,,0.00,0.00,14,7,1439,28.92
255,68,6,2015/09/13,16,Rain,21 (Base 50),0,40,27,24,90,22,17,45,180,0,1.91,0.0,1.02,1006,0,0.0,,,0.00,0.00,15,10,1445,28.96
256,49,3,2015/09/14,8,,17 (Base 50),0,37,25,23,62,20,15,35,183,0,1.91,0.0,0.00,1017,0,0.0,,,0.00,0.00,16,10,1448,28.96
257,46,8,2015/09/15,9,,22 (Base 50),0,21,29,13,60,23,17,31,191,0,1.91,0.0,0.00,1025,0,0.0,,,0.00,0.00,16,4,1456,28.96
258,49,12,2015/09/16,12,,26 (Base 50),0,18,31,11,68,25,19,29,203,0,1.91,0.0,0.00,1025,0,0.0,,,0.00,0.00,16,2,1468,28.96
259,48,14,2015/09/17,13,,28 (Base 50),0,24,32,19,66,26,20,29,217,0,1.91,0.0,0.00,1021,0,0.0,,,0.00,0.00,16,4,1482,28.96
260,51,13,2015/09/18,13,,27 (Base 50),0,26,31,14,68,26,20,34,230,0,1.91,0.0,0.00,1016,0,0.0,,,0.00,0.00,16,3,1495,28.96
261,64,11,2015/09/19,17,,26 (Base 50),0,32,28,19,84,24,20,43,241,0,1.91,0.0,0.00,1014,0,0.0,,,0.00,0.00,15,4,1506,28.96
262,56,7,2015/09/20,12,,22 (Base 50),0,37,26,24,79,22,18,32,248,0,1.91,0.0,0.00,1015,0,0.0,,,0.00,0.00,16,13,1513,28.96
263,44,1,2015/09/21,6,,16 (Base 50),0,39,23,27,57,19,15,31,249,0,1.91,0.0,0.00,1022,0,0.0,,,0.00,0.00,16,12,1514,28.96
264,50,2,2015/09/22,9,,16 (Base 50),0,29,22,23,59,19,17,40,251,0,1.91,0.0,0.00,1025,0,0.0,,,0.00,0.00,16,11,1516,28.96
265,49,5,2015/09/23,9,,19 (Base 50),0,21,27,14,73,21,15,25,256,0,1.91,0.0,0.00,1024,0,0.0,,,0.00,0.00,16,5,1521,28.96
266,54,6,2015/09/24,11,,21 (Base 50),0,29,28,21,73,22,16,35,262,0,1.91,0.0,0.00,1025,0,0.0,,,0.00,0.00,16,7,1527,28.96
267,55,5,2015/09/25,11,,18 (Base 50),0,29,24,21,68,21,17,41,267,0,1.91,0.0,0.00,1028,0,0.0,,,0.00,0.00,16,10,1532,28.96
268,55,2,2015/09/26,9,,16 (Base 50),0,42,22,29,72,19,16,37,269,0,1.91,0.0,0.00,1030,0,0.0,,,0.00,0.00,16,10,1534,28.96
269,65,0,2015/09/27,11,,14 (Base 50),1,23,22,14,73,18,13,57,269,1,1.91,0.0,0.00,1030,1,0.0,,,0.00,0.00,16,8,1534,28.96
270,71,7,2015/09/28,16,,21 (Base 50),0,24,26,14,81,22,18,60,276,1,1.91,0.0,0.00,1024,1,0.0,,,0.00,0.00,15,5,1541,28.96
271,73,13,2015/09/29,20,Rain,26 (Base 50),0,29,28,16,87,26,22,58,289,1,2.02,0.0,2.79,1017,1,0.0,,,0.00,0.00,15,4,1554,29.07
272,78,4,2015/09/30,19,Rain,21 (Base 50),0,43,26,26,93,21,15,63,293,1,3.28,0.0,32.00,1008,1,0.0,,,0.00,0.00,12,13,1558,30.33
273,70,0,2015/10/01,9,Rain,10 (Base 50),5,39,18,26,80,16,13,60,0,5,0.09,0.0,2.29,1019,6,0.0,,,0.00,0.00,16,14,1558,30.42
274,79,0,2015/10/02,7,Rain,2 (Base 50),12,52,14,37,86,12,9,72,0,17,1.17,0.0,27.43,1023,18,0.0,,,0.00,0.00,11,20,1558,31.50
275,76,0,2015/10/03,7,Rain,2 (Base 50),13,50,13,34,86,11,9,66,0,30,1.52,0.0,8.89,1026,31,0.0,,,0.00,0.00,10,19,1558,31.85
276,57,0,2015/10/04,6,,8 (Base 50),7,47,17,34,71,14,12,43,0,37,1.52,0.0,0.00,1026,38,0.0,,,0.00,0.00,16,17,1558,31.85
277,58,0,2015/10/05,7,,9 (Base 50),5,32,19,24,68,16,11,48,0,42,1.52,0.0,0.00,1022,43,0.0,,,0.00,0.00,16,10,1558,31.85
278,58,0,2015/10/06,8,,12 (Base 50),2,19,23,14,83,17,11,33,0,44,1.52,0.0,0.00,1016,45,0.0,,,0.00,0.00,16,3,1558,31.85
279,58,1,2015/10/07,9,,16 (Base 50),0,24,23,13,72,19,14,44,1,44,1.52,0.0,0.00,1015,45,0.0,,,0.00,0.00,16,5,1559,31.85
280,61,1,2015/10/08,10,,14 (Base 50),0,24,22,14,78,19,15,44,2,44,1.52,0.0,0.00,1020,45,0.0,,,0.00,0.00,16,5,1560,31.85
281,75,5,2015/10/09,16,"Fog
	,
Rain",20 (Base 50),0,43,26,27,93,21,16,56,7,44,2.41,0.0,22.61,1012,45,0.0,,,0.00,0.00,11,7,1565,32.74
282,51,0,2015/10/10,4,,7 (Base 50),7,35,18,19,65,14,10,36,7,51,2.41,0.0,0.00,1018,52,0.0,,,0.00,0.00,16,4,1565,32.74
283,53,0,2015/10/11,6,,10 (Base 50),4,27,21,16,66,16,12,40,7,55,2.41,0.0,0.00,1014,56,0.0,,,0.00,0.00,16,6,1565,32.74
284,50,2,2015/10/12,8,,16 (Base 50),0,27,25,16,67,19,13,33,9,55,2.41,0.0,0.00,1009,56,0.0,,,0.00,0.00,16,6,1567,32.74
285,70,2,2015/10/13,13,,16 (Base 50),0,26,22,16,84,19,16,56,11,55,2.42,0.0,0.25,1002,56,0.0,,,0.00,0.00,16,6,1569,32.75
286,55,0,2015/10/14,7,,13 (Base 50),2,31,21,19,67,17,14,42,11,57,2.42,0.0,0.00,1007,58,0.0,,,0.00,0.00,16,6,1569,32.75
287,53,0,2015/10/15,4,,8 (Base 50),7,27,18,16,68,14,11,37,11,64,2.42,0.0,0.00,1014,65,0.0,,,0.00,0.00,16,7,1569,32.75
288,50,0,2015/10/16,3,,8 (Base 50),6,35,18,21,66,15,12,34,11,70,2.42,0.0,0.00,1015,71,0.0,,,0.00,0.00,16,9,1569,32.75
289,47,0,2015/10/17,-2,,,16,39,13,21,66,9,6,27,11,86,2.42,0.0,0.00,1019,87,0.0,,,0.00,0.00,16,9,1569,32.75
290,43,0,2015/10/18,-6,,,21,40,10,26,59,7,3,26,11,107,2.42,0.0,0.00,1025,108,0.0,,,0.00,0.00,16,8,1569,32.75
291,47,0,2015/10/19,-4,,,21,39,12,23,64,7,2,30,11,128,2.42,0.0,0.00,1029,129,0.0,,,0.00,0.00,16,6,1569,32.75
292,42,0,2015/10/20,2,,8 (Base 50),6,39,21,23,56,15,9,28,11,134,2.42,0.0,0.00,1023,135,0.0,,,0.00,0.00,16,10,1569,32.75
293,50,2,2015/10/21,7,,16 (Base 50),0,29,24,19,67,19,14,33,13,134,2.42,0.0,0.00,1025,135,0.0,,,0.00,0.00,16,4,1571,32.75
294,52,2,2015/10/22,8,,16 (Base 50),0,31,24,19,62,19,14,41,15,134,2.42,0.0,0.00,1021,135,0.0,,,0.00,0.00,16,8,1573,32.75
295,47,0,2015/10/23,1,,5 (Base 50),10,35,18,23,60,13,7,33,15,144,2.42,0.0,0.00,1023,145,0.0,,,0.00,0.00,16,11,1573,32.75
296,62,0,2015/10/24,3,,,16,24,14,16,72,9,4,51,15,160,2.42,0.0,0.00,1027,161,0.0,,,0.00,0.00,16,6,1573,32.75
297,62,0,2015/10/25,9,Rain,10 (Base 50),7,35,20,21,80,14,9,44,15,167,2.47,0.0,1.27,1020,168,0.0,,,0.00,0.00,15,8,1573,32.80
298,51,0,2015/10/26,1,,2 (Base 50),13,31,14,19,66,11,8,36,15,180,2.47,0.0,0.00,1030,181,0.0,,,0.00,0.00,16,6,1573,32.80
299,59,0,2015/10/27,3,,2 (Base 50),13,24,15,16,71,11,7,46,15,193,2.47,0.0,0.00,1033,194,0.0,,,0.00,0.00,16,7,1573,32.80
300,80,0,2015/10/28,14,"Fog
	,
Rain",10 (Base 50),4,45,21,23,93,16,12,66,15,197,3.87,0.0,35.56,1017,198,0.0,,,0.00,0.00,8,11,1573,34.20
301,58,0,2015/10/29,12,Rain,16 (Base 50),0,48,23,27,87,18,14,28,15,197,3.91,0.0,1.02,1003,198,0.0,,,0.00,0.00,15,10,1573,34.24
302,42,0,2015/10/30,-1,,5 (Base 50),10,39,16,21,50,13,9,33,15,207,3.91,0.0,0.00,1013,208,0.0,,,0.00,0.00,16,9,1573,34.24
303,52,0,2015/10/31,0,,,16,26,13,16,63,9,6,41,15,223,3.91,0.0,0.00,1021,224,0.0,,,0.00,0.00,16,5,1573,34.24
304,62,0,2015/11/01,8,,9 (Base 50),5,37,18,26,72,16,12,51,0,5,0.00,0.0,0.00,1014,229,0.0,,,0.00,0.00,16,8,1573,34.24
305,59,0,2015/11/02,6,,9 (Base 50),6,23,17,13,72,15,12,46,0,11,0.00,0.0,0.00,1018,235,0.0,,,0.00,0.00,16,3,1573,34.24
306,55,0,2015/11/03,6,,11 (Base 50),5,21,22,13,74,16,9,35,0,16,0.00,0.0,0.00,1022,240,0.0,,,0.00,0.00,16,4,1573,34.24
307,64,0,2015/11/04,9,,12 (Base 50),2,23,21,14,87,17,13,40,0,18,0.00,0.0,0.00,1027,242,0.0,,,0.00,0.00,15,4,1573,34.24
308,83,0,2015/11/05,15,Rain,13 (Base 50),1,26,22,14,93,18,13,73,0,19,0.01,0.0,0.25,1024,243,0.0,,,0.00,0.00,7,3,1573,34.25
309,76,5,2015/11/06,17,,20 (Base 50),0,42,23,23,87,21,19,64,5,19,0.01,0.0,0.00,1015,243,0.0,,,0.00,0.00,13,8,1578,34.25
310,55,0,2015/11/07,6,,13 (Base 50),2,31,22,19,66,17,12,43,5,21,0.01,0.0,0.00,1016,245,0.0,,,0.00,0.00,16,7,1578,34.25
311,48,0,2015/11/08,-1,,,14,37,13,24,60,11,8,35,5,35,0.01,0.0,0.00,1027,259,0.0,,,0.00,0.00,16,6,1578,34.25
312,50,0,2015/11/09,1,,,14,21,15,14,70,11,6,30,5,49,0.01,0.0,0.00,1029,273,0.0,,,0.00,0.00,16,3,1578,34.25
313,79,0,2015/11/10,10,Rain,4 (Base 50),11,55,14,37,96,12,11,61,5,60,0.27,0.0,6.60,1016,284,0.0,,,0.00,0.00,10,16,1578,34.51
314,77,0,2015/11/11,8,Rain,2 (Base 50),11,29,14,21,86,12,9,67,5,71,0.70,0.0,10.92,1010,295,0.0,,,0.00,0.00,12,8,1578,34.94
315,82,0,2015/11/12,10,Rain,6 (Base 50),9,45,16,27,96,13,11,67,5,80,0.71,0.0,0.25,1008,304,0.0,,,0.00,0.00,15,9,1578,34.95
316,43,0,2015/11/13,-2,,2 (Base 50),13,58,14,32,55,11,8,30,5,93,0.71,0.0,0.00,1005,317,0.0,,,0.00,0.00,16,17,1578,34.95
317,44,0,2015/11/14,-5,,,19,52,9,34,53,8,6,34,5,112,0.71,0.0,0.00,1018,336,0.0,,,0.00,0.00,16,13,1578,34.95
318,49,0,2015/11/15,-2,,,16,35,14,21,64,9,4,33,5,128,0.71,0.0,0.00,1024,352,0.0,,,0.00,0.00,16,8,1578,34.95
319,40,0,2015/11/16,1,,9 (Base 50),6,31,19,23,50,15,11,29,5,134,0.71,0.0,0.00,1023,358,0.0,,,0.00,0.00,16,7,1578,34.95
320,49,0,2015/11/17,-2,,,19,34,11,27,65,8,4,33,5,153,0.71,0.0,0.00,1033,377,0.0,,,0.00,0.00,16,10,1578,34.95
321,65,0,2015/11/18,6,,2 (Base 50),13,34,14,21,72,11,8,57,5,166,0.71,0.0,0.00,1031,390,0.0,,,0.00,0.00,16,8,1578,34.95
322,83,0,2015/11/19,14,Rain,10 (Base 50),4,48,18,27,93,16,14,72,5,170,1.96,0.0,31.75,1019,394,0.0,,,0.00,0.00,9,9,1578,36.20
323,57,0,2015/11/20,1,,5 (Base 50),10,35,18,24,90,13,8,24,5,180,1.96,0.0,0.00,1019,404,0.0,,,0.00,0.00,16,9,1578,36.20
324,50,0,2015/11/21,-1,,,17,35,12,26,63,9,6,36,5,197,1.96,0.0,0.00,1022,421,0.0,,,0.00,0.00,16,10,1578,36.20
325,62,0,2015/11/22,2,Rain,,16,34,13,21,89,9,6,34,5,213,1.99,0.0,0.76,1012,437,0.0,,,0.00,0.00,16,10,1578,36.23
326,37,0,2015/11/23,-9,,,26,37,7,21,52,4,1,22,5,239,1.99,0.0,0.00,1017,463,0.0,,,0.00,0.00,16,9,1578,36.23
327,45,0,2015/11/24,-7,,,26,26,8,19,56,4,0,33,5,265,1.99,0.0,0.00,1028,489,0.0,,,0.00,0.00,16,6,1578,36.23
328,51,0,2015/11/25,-3,,,22,21,10,14,65,6,2,37,5,287,1.99,0.0,0.00,1040,511,0.0,,,0.00,0.00,16,4,1578,36.23
329,71,0,2015/11/26,6,,1 (Base 50),14,23,16,13,86,11,5,55,5,301,1.99,0.0,0.00,1041,525,0.0,,,0.00,0.00,16,5,1578,36.23
330,69,0,2015/11/27,8,,8 (Base 50),7,29,18,14,89,14,11,48,5,308,1.99,0.0,0.00,1031,532,0.0,,,0.00,0.00,15,6,1578,36.23
331,77,0,2015/11/28,8,,2 (Base 50),12,-,17,-,88,12,6,63,5,320,2.01,0.0,0.51,,544,0.0,,,0.00,0.00,,"-
 (North)",1578,36.25
332,61,0,2015/11/29,-2,,,22,-,9,-,87,6,3,39,5,342,2.01,0.0,T,,566,0.0,,,0.00,0.00,,"-
 (North)",1578,36.25
333,66,0,2015/11/30,-1,,,25,31,7,21,70,4,1,62,5,367,2.01,0.0,0.00,1028,591,0.0,,,0.00,0.00,,9,1578,36.25
334,82,0,2015/12/01,6,,,17,31,11,19,93,9,7,70,0,17,0.33,0.0,8.38,1022,605,0.0,,,0.00,0.00,,11,1578,36.58
335,90,0,2015/12/02,9,,2 (Base 50),13,27,14,14,93,11,8,86,0,30,0.47,0.0,3.56,1009,618,0.0,,,0.00,0.00,,5,1578,36.72
336,66,0,2015/12/03,1,,,15,43,13,26,89,10,7,42,0,45,0.47,0.0,T,1013,633,0.0,,,0.00,0.00,,14,1578,36.72
337,52,0,2015/12/04,-2,,,18,29,11,19,62,8,6,41,0,63,0.47,0.0,0.00,1030,651,0.0,,,0.00,0.00,,7,1578,36.72
338,53,0,2015/12/05,-1,,,19,19,11,14,65,8,4,41,0,82,0.47,0.0,0.00,1037,670,0.0,,,0.00,0.00,,4,1578,36.72
339,60,0,2015/12/06,0,,,19,26,12,19,79,8,4,41,0,101,0.47,0.0,0.00,1030,689,0.0,,,0.00,0.00,,5,1578,36.72
340,51,0,2015/12/07,-1,,,17,26,12,16,70,9,6,32,0,118,0.47,0.0,0.00,1020,706,0.0,,,0.00,0.00,,6,1578,36.72
341,56,0,2015/12/08,-1,,,20,29,9,21,62,7,5,50,0,138,0.47,0.0,0.00,1020,726,0.0,,,0.00,0.00,,7,1578,36.72
342,61,0,2015/12/09,3,,,17,35,13,21,76,9,4,46,0,155,0.47,0.0,0.00,1019,743,0.0,,,0.00,0.00,,7,1578,36.72
343,62,0,2015/12/10,6,,5 (Base 50),9,29,16,19,77,13,11,47,0,164,0.47,0.0,T,1014,752,0.0,,,0.00,0.00,,7,1578,36.72
344,66,0,2015/12/11,7,,5 (Base 50),9,32,16,21,77,13,10,55,0,173,0.47,0.0,0.00,1013,761,0.0,,,0.00,0.00,13,8,1578,36.72
345,58,0,2015/12/12,8,,10 (Base 50),4,26,19,14,67,16,13,48,0,177,0.47,0.0,T,1020,765,0.0,,,0.00,0.00,11,3,1578,36.72
346,60,0,2015/12/13,8,,10 (Base 50),4,29,19,19,67,16,13,52,0,181,0.47,0.0,0.00,1021,769,0.0,,,0.00,0.00,12,5,1578,36.72
347,78,0,2015/12/14,12,Rain,8 (Base 50),5,31,19,21,90,16,12,66,0,186,0.80,0.0,8.38,1010,774,0.0,,,0.00,0.00,7,7,1578,37.05
348,63,0,2015/12/15,6,Rain,11 (Base 50),4,55,20,34,87,16,12,39,0,190,0.89,0.0,2.29,1001,778,0.0,,,0.00,0.00,15,17,1578,37.14
349,62,0,2015/12/16,3,Rain,,15,35,12,23,80,10,8,44,0,205,0.93,0.0,1.02,1019,793,0.0,,,0.00,0.00,14,9,1578,37.18
350,78,0,2015/12/17,11,Rain,5 (Base 50),10,29,15,19,87,13,10,68,0,215,2.14,0.0,30.73,1011,803,0.0,,,0.00,0.00,9,8,1578,38.39
351,61,0,2015/12/18,1,Rain,,17,42,14,27,83,9,3,39,0,232,2.14,0.0,T,1007,820,0.0,,,0.00,0.00,16,11,1578,38.39
352,41,0,2015/12/19,-9,,,27,48,4,32,48,3,2,34,0,259,2.14,0.0,0.00,1018,847,0.0,,,0.00,0.00,16,15,1578,38.39
353,41,0,2015/12/20,-8,,,26,42,6,27,48,4,1,33,0,285,2.14,0.0,0.00,1031,873,0.0,,,0.00,0.00,16,10,1578,38.39
354,54,0,2015/12/21,0,,,17,47,13,27,67,9,4,41,0,302,2.14,0.0,0.00,1024,890,0.0,,,0.00,0.00,16,12,1578,38.39
355,76,0,2015/12/22,11,Rain,8 (Base 50),7,32,17,23,86,14,12,66,0,309,2.33,0.0,4.83,1016,897,0.0,,,0.00,0.00,12,8,1578,38.58
356,87,0,2015/12/23,12,Rain,8 (Base 50),7,27,18,16,93,14,11,80,0,316,3.88,0.0,39.37,1018,904,0.0,,,0.00,0.00,5,6,1578,40.13
357,73,3,2015/12/24,16,Rain,17 (Base 50),0,43,22,24,93,20,17,52,3,316,3.89,0.0,0.25,1014,904,0.0,,,0.00,0.00,14,7,1581,40.14
358,74,0,2015/12/25,12,Rain,10 (Base 50),3,19,19,13,87,17,14,60,3,319,3.90,0.0,0.25,1022,907,0.0,,,0.00,0.00,13,1,1581,40.15
359,57,0,2015/12/26,2,Rain,,12,35,15,24,71,12,8,43,3,331,3.90,0.0,T,1030,919,0.0,,,0.00,0.00,16,13,1581,40.15
360,79,0,2015/12/27,9,Rain,4 (Base 50),11,42,16,24,96,12,8,61,3,342,4.02,0.0,3.05,1016,930,0.0,,,0.00,0.00,8,9,1581,40.27
361,56,0,2015/12/28,-4,Rain,,25,45,8,29,75,4,1,36,3,367,4.05,T,0.76,1029,955,T,,,T,0.00,16,13,1581,40.30
362,87,0,2015/12/29,3,Rain,,25,39,8,29,92,4,1,82,3,392,4.50,T,11.43,1020,980,T,,,T,0.00,7,11,1581,40.75
363,81,0,2015/12/30,4,Rain,,22,21,9,14,86,6,3,76,3,414,4.69,T,4.83,1023,1002,T,,,0.00,0.00,9,7,1581,40.94
364,71,0,2015/12/31,3,Rain,,20,32,9,23,92,7,6,49,3,434,4.72,T,0.76,1018,1022,T,,,0.00,0.00,14,9,1581,40.97
